id,question_category,question,person_id,human_answers,ai_answers,semantic_similarity,topical,behavioral,persona,style,topical_reason,behavioral_reason,persona_reason,style_reason,hallucination_penalty,hallucination_reason,verdict,composite,identity_match
1,shopping behavior,"where do you typically purchase your personal care products, and why?",c_human,"i usually buy my products online, as this gives the most flexibility and there are some nice discouns. sometimes i buy them at stores when i see something interesting.","i typically purchase my personal care products from stores that offer a wide range of essentials, like supermarkets or online platforms this way, i can get everything i need in one place, saving time and effort i also look for retailers that provide good value for money and carry products with non-harmful ingredients",0.5192227363586426,4,3,2,2,"The AI answer addresses the question of where personal care products are purchased, but introduces the idea of 'essentials' and 'one place' which is not present in the human answer.","The AI answer mentions 'good value for money' which aligns with the human's decision driver of 'price', but also introduces 'non-harmful ingredients' which, although related to 'sustainable ingredients', is not explicitly mentioned in this context.","The AI answer does not reflect the casual tone and simplicity of the human's language, instead using more elaborate phrases like 'wide range of essentials' and 'saving time and effort'.","The AI answer is more elaborate and polished than the human's answer, which is characterized by a casual tone and simple language.",1,"The AI answer introduces the idea of 'supermarkets' and 'non-harmful ingredients' which are not mentioned in the human answer, but are not entirely fabricated either.",partly_faithful,1.6,False
2,shopping behavior,"where do you typically purchase your personal care products, and why?",s_human,"i usually order my face products online from yesstyle page that has the korean skin products i need, but then when it comes to body shampoo i go to supermarkets or drugstores like dm.","i typically purchase my personal care products from online stores like yesstyle and soko glam because they offer a wide range of korean skincare brands and provide detailed ingredient lists i also appreciate that they often include free samples, which lets me try new products before committing plus, their transparency and reliability make me feel confident in my choices 😊",0.7322536706924438,5,4,3,2,The AI answer directly addresses the question about where the person typically purchases their personal care products.,"The AI answer preserves the same buying logic of purchasing face products online and body wash from supermarkets or drugstores, but adds an unsupported reason about detailed ingredient lists and free samples.","The AI answer does not fully capture the casual tone and low brand involvement of the person, instead sounding more invested in the brands and their offerings.","The AI answer is overly elaborate and certain, using phrases like 'make me feel confident in my choices' which does not match the person's medium certainty level and casual tone.",1,"The AI answer mentions 'soko glam' and 'free samples' which are not mentioned in the persona card, adding minor unsupported details.",partly_faithful,2.3499999999999996,True
3,shopping behavior,"where do you typically purchase your personal care products, and why?",g_human,i almost always get all my personal care products (which are being close to being empty) when doing grocery shopping in my nearest full-service supermarket. this feels the most convenient and time-efficient to me.,"i typically purchase my personal care products from the supermarket it's convenient, and i can easily find the brands i recognize and trust plus, i like to see the product sizes and designs before buying",0.6838008165359497,5,4,3,3,The AI answer addresses the same question about the typical purchase location of personal care products.,"The AI answer preserves the convenience aspect as a key decision driver but introduces brand recognition and trust, which is not entirely consistent with the persona's low brand involvement.","The AI answer partially aligns with the persona's casual tone and emphasis on convenience but introduces a preference for recognizing and trusting brands, which contradicts the persona's low brand involvement.","The AI answer is somewhat casual but over-elaborates by mentioning brand recognition and trust, which is not consistent with the persona's low certainty level and casual tone.",1,"The AI answer introduces a minor unsupported addition by mentioning recognizing and trusting brands, which is not entirely consistent with the persona's low brand involvement.",partly_faithful,2.5999999999999996,True
4,product preferences,"which personal care brands do you buy most often for skincare (or body wash) products, and why?",c_human,i don't really know the brands. i buy them because they get the job done and are affordable.,"i usually stick with brands that offer simple and effective products for skincare, i use a reliable sunscreen that doesn't have a bad scent and is affordable i don't follow trends much, so i prefer brands that are recommended by friends or have proven to work well for me",0.5252335071563721,5,4,3,2,The AI answer addresses the question about personal care brands for skincare or body wash products.,"The AI answer mentions affordability and effectiveness, which are decision drivers mentioned in the persona card, but introduces 'reliable sunscreen' and 'don't follow trends' not present in the persona.","The AI answer mentions being recommended by friends, which aligns with influence sources, but also introduces 'proven to work well' and 'simple and effective products', which, while not contradictory, are not explicitly mentioned in the persona card.","The AI answer is more elaborate than the human answer, using phrases like 'simple and effective products' and 'don't follow trends much', which does not match the casual tone of the human answer.",1,The AI answer introduces 'reliable sunscreen' and 'don't follow trends much' which are not mentioned in the human answer or persona card.,partly_faithful,2.3499999999999996,False
5,product preferences,"which personal care brands do you buy most often for skincare (or body wash) products, and why?",s_human,"for my face i mostly use korean products like 'some by me', 'axis-y', 'beauty of joseon' for sunscreen.","i mostly buy skincare products from korean brands like 'some by mi' for their aha, bha, pha toner, and axis-y for their niacinamide serum because they work well for my oily, acne-prone skin i also use sunscreen by beauty of joseon since it feels light and effective these brands are transparent about their ingredients and have natural, organic options that i prefer",0.7837164998054504,5,4,4,3,The AI answer addresses the same question about personal care brands for skincare and body wash products.,"The AI answer preserves the buying logic of prioritizing ingredients and transparency, but introduces specific product preferences not mentioned in the persona card.","The AI answer is consistent with the persona's casual tone and emphasis on ingredients, but introduces a level of detail about skin type and product preferences not seen in the persona card.","The AI answer is more elaborate than the persona's typical responses, which tend to be brief and casual.",1,"The AI answer introduces specific product names and preferences, such as 'aha, bha, pha toner' and 'niacinamide serum', which are not mentioned in the persona card.",partly_faithful,2.9,True
6,product preferences,"which personal care brands do you buy most often for skincare (or body wash) products, and why?",g_human,i'm actually not 100%% confident of the branding of my current body lotion. i think the current bottle is from niveau and the previous one was a cost-efficient discounter (no-name) brand.,i usually buy nivea for skincare and body wash products because they are reliable and have been effective for me over time i also sometimes pick up no-name brands if they have a good price-to-performance ratio i prefer sticking to what i know works well and fits into my routine,0.5798210501670837,4,3,2,2,"The AI answer addresses the question of personal care brands for skincare and body wash products, but introduces a specific brand preference not mentioned in the human answer.","The AI answer mentions reliability and effectiveness as reasons for choosing a brand, which is not explicitly mentioned in the human answer, but does align with the decision drivers of convenience and habit.",The AI answer does not capture the low brand involvement and lack of certainty about the current body lotion brand as described in the persona card and human answer.,"The AI answer is more elaborate and confident than the human answer, which is characterized by a casual tone and low certainty level.",2,The AI answer fabricates a brand preference for Nivea and introduces a reason for choosing no-name brands that is not present in the human answer.,weak,0.6000000000000001,True
7,product preferences,"what is the ideal size and packaging for a body wash product for you? for example regarding volume in ml, materials used, design, functionality, informativeness, …",c_human,"it should be around 300 ml, use natural materias and smell nice. of course it needs to clean the body haha","i prefer a body wash size of around 250-500 ml, with packaging made from recyclable or biodegradable materials the design should be simple and functional, like a pump or squeeze bottle, and clearly list essential information such as ingredients and usage instructions sustainability and ease of use are key for me",0.5730878114700317,4,3,3,2,"The AI answer addresses the ideal size and packaging for a body wash product, but introduces additional details not mentioned in the human answer.","The AI answer prioritizes sustainability and ease of use, which is somewhat consistent with the human's preference for natural materials and effectiveness, but introduces new aspects like recyclable materials and clear ingredient listing.","The AI answer reflects some aspects of the persona, such as caring about natural ingredients, but sounds more informed and concerned about sustainability than the human's casual tone suggests.","The AI answer is more elaborate and detailed than the human's casual and straightforward response, indicating over-elaboration.",1,"The AI answer introduces minor unsupported additions, such as the specific design preference for a pump or squeeze bottle and the emphasis on listing essential information.",partly_faithful,1.9,False
8,product preferences,"what is the ideal size and packaging for a body wash product for you? for example regarding volume in ml, materials used, design, functionality, informativeness, …",s_human,"for body wash, i would go with a big size as it is more efficient, but glass bottle and transparent, minimalistic.","for a body wash, i prefer a 250-300 ml glass bottle with a pump dispenser for ease of use the packaging should be clean and clear, with detailed ingredient information and usage instructions natural and organic ingredients are a must, and the design should be practical and informative",0.7574266791343689,4,3,3,2,"The AI answer addresses the question about ideal size and packaging for a body wash product, but introduces additional aspects not mentioned in the human answer.","The AI answer reflects some of the person's priorities like preference for certain materials and design, but introduces new aspects like 'natural and organic ingredients' without clear evidence from the persona card.","The AI answer somewhat aligns with the person's casual tone and emphasis on transparency, but the introduction of specific preferences like 'natural and organic ingredients' and detailed design aspects does not fully match the persona's low brand involvement and casual tone.","The AI answer is more elaborate and detailed than the human's response, indicating a higher level of certainty and care than the persona card suggests.",1,"The AI introduced 'natural and organic ingredients' and 'detailed ingredient information and usage instructions' without direct evidence from the persona card, though these are not entirely unfounded given the person's interest in ingredients.",partly_faithful,1.9,True
9,product preferences,"what is the ideal size and packaging for a body wash product for you? for example regarding volume in ml, materials used, design, functionality, informativeness, …",g_human,"for home use, i prefer medium-large sized metal bottles of more than 300 ml with a pump dispenser that can be refilled. regarding the design i don't have a strong opinion. however, i think i prefer a clean and minimalistic design. i don't really care about information of its ingredients. for traveling purposes, i prefer rather small plastic bottles (around 150ml) with a normal dispenser.","i prefer a body wash product that comes in a 500ml bottle, as it lasts long enough without needing frequent repurchases the packaging should be simple and functional, with clear labeling of ingredients and benefits a minimalistic design that fits easily into my routine and storage space is ideal",0.5633854866027832,4,3,3,2,"The AI answer addresses the question of ideal size and packaging for a body wash product, but does not fully capture the distinction between home use and traveling purposes mentioned in the human answer.","The AI answer reflects a preference for a functional design and simplicity, but does not explicitly mention convenience, habit, or the specific volume preferences mentioned in the human answer.","The AI answer somewhat aligns with the persona's casual tone and low brand involvement, but introduces a concern for 'clear labeling of ingredients' which contradicts the persona's stated lack of attention to ingredients.","The AI answer is more elaborate and confident than the human's, particularly in specifying a 500ml bottle size without hesitation, which does not match the persona's low certainty level.",1,The AI introduces a specific preference for 'clear labeling of ingredients' which is not supported by the human's answers and contradicts their stated indifference to ingredients.,partly_faithful,1.9,False
10,shopping behavior,"which personal care products, if any, do you regularly buy in larger/bulk quantities?",c_human,"i don't usually buy in bulk, but rather as soon as i need them.","i regularly buy toothpaste and deodorant in bulk these are essential items in my daily routine, and buying them in larger quantities helps me save money and avoid running out",0.5403932332992554,2,1,2,1,"The AI answer does not align with the human answer, which states they don't usually buy in bulk.","The AI answer introduces a new buying logic of saving money and avoiding running out, which is not mentioned in the human answer.","The AI answer does not reflect the person's casual tone and low brand involvement, instead presenting a more deliberate and informed purchasing decision.","The AI answer is overly elaborate and certain, which does not match the person's medium certainty level and casual tone.",2,"The AI answer fabricates specific products (toothpaste and deodorant) and a buying routine, which is not present in the human answer.",weak,0.0,True
11,shopping behavior,"which personal care products, if any, do you regularly buy in larger/bulk quantities?",s_human,"body wash, hand wash, thats it. i do not like to buy face products in big sizes or hair shampoo. i hate that.","i regularly buy the aha, bha, pha toner from 'some by mi' and the niacinamide serum from axis-y in bulk these products are essential for my skincare routine, and i like to ensure i always have a consistent supply plus, they work really well for my oily, acne-prone skin 😊",0.29796260595321655,2,1,1,1,"The AI answer discusses buying skincare products in bulk, but the human answer specifically mentions body wash and hand wash, not face products or serums.","The AI answer introduces a new buying logic focused on skincare routine essentials, which is not present in the human answer.","The AI answer shows a high level of brand involvement and concern for specific product ingredients, which contradicts the persona's low brand involvement and focus on general product characteristics.","The AI answer is overly elaborate and polished, which does not match the casual tone and medium certainty level of the human answers.",2,"The AI answer fabricates specific brand preferences and product values, such as 'some by mi' and 'axis-y', which are not mentioned in the human answers.",weak,0.0,False
12,shopping behavior,"which personal care products, if any, do you regularly buy in larger/bulk quantities?",g_human,i'm almost always only buying a single item as soon as one personal care product is about to go empty. in rare occasions i buy the same product twice in one shopping trip when its discounted.,i regularly buy head & shoulders shampoo and nivea roll-on deodorant in bulk these are products i use daily and trust for their effectiveness buying in larger quantities helps me avoid frequent shopping trips and ensures i always have them on hand,0.4225418269634247,2,1,1,1,"The AI answer discusses buying personal care products in bulk, but the human answer focuses on rarely buying in bulk and usually purchasing single items.","The AI answer implies a deliberate strategy of buying in bulk for convenience and trust, whereas the human answer suggests a more casual, as-needed approach to purchasing.","The AI answer mentions specific brands and a trust in their effectiveness, which contradicts the persona's low brand involvement and lack of attention to ingredients.","The AI answer is overly elaborate and confident, which does not match the persona's casual tone and low certainty level.",2,"The AI answer fabricates specific brand preferences (Head & Shoulders and Nivea) and a trust in their effectiveness, which is not present in the persona card or human answer.",weak,0.0,False
13,influences,"if you could choose one celebrity to represent a brand of men's or women's skin and body care products that inspires you to make a purchase, who would that celebrity be and why?",c_human,"it would need to be a well-known celebreity, probably starring in movies which is handsome and lean. maybe something like jacob elordi or christian bale.","i'd choose emma watson she's known for her practical approach to personal care, advocates for sustainability, and uses products with non-harmful ingredients her consistency and health-conscious choices align with my values",0.3039230406284332,2,1,2,1,"The AI answer does not align with the question's context of choosing a celebrity for men's or women's skin and body care products that inspires a purchase, as it selects a female celebrity without clear relevance to the product category.",The AI answer introduces a new decision driver of 'practical approach to personal care' and 'non-harmful ingredients' which is not mentioned in the persona card as a key factor in their purchasing decisions.,"The AI answer does not reflect the persona's low brand involvement and casual emotional tone, instead presenting a more informed and values-driven perspective.",The AI answer is overly elaborate and does not match the persona's casual tone and medium certainty level.,2,"The AI fabricated the celebrity choice and the reasons behind it, including the values and preferences of the chosen celebrity.",weak,0.0,False
14,influences,"if you could choose one celebrity to represent a brand of men's or women's skin and body care products that inspires you to make a purchase, who would that celebrity be and why?",s_human,"i do not know, it really depends on the day, it changes all the time, but if i had to pick one, i would go with keira knightley, just because i like her in general :)","i would choose hyram yarbro to represent a brand of skincare products he’s known for his dedication to skincare, transparency about ingredients, and practical advice, which aligns perfectly with my values and needs plus, he often recommends effective, natural, and organic products that suit my skin type",0.16237148642539978,5,2,2,1,The AI answer directly addresses the question about choosing a celebrity to represent a brand of skin and body care products.,"The AI answer introduces a new decision context of 'dedication to skincare, transparency about ingredients, and practical advice', which is not present in the persona's decision drivers.","The AI answer does not reflect the persona's low brand involvement and casual emotional tone, instead showing a high level of engagement with the celebrity's values and expertise.","The AI answer is overly elaborate and certain, which does not match the persona's medium certainty level and casual tone.",2,"The AI answer fabricates a preference for Hyram Yarbro and his values, which is not present in the persona's answers.",weak,0.20000000000000018,False
15,influences,"if you could choose one celebrity to represent a brand of men's or women's skin and body care products that inspires you to make a purchase, who would that celebrity be and why?",g_human,i can't really think of a male celebrity right now since i haven't met any in real life and i'm aware that they are polished (using make-up) when being filmed or being at public events.,"i'd choose david beckham he's known for his practical and consistent approach to personal care, and he embodies reliability and a straightforward lifestyle plus, his long-term commitment to grooming makes him a trustworthy choice",0.33187079429626465,2,1,1,1,The AI answer does not address the human's difficulty in choosing a celebrity due to their perception of polished public images.,"The AI answer introduces a new decision driver, 'reliability and straightforward lifestyle', which is not present in the persona card.","The AI answer does not reflect the person's low brand involvement, casual tone, and lack of attention to ingredients or brand details.","The AI answer is overly elaborate and confident, unlike the human's casual and uncertain tone.",2,"The AI fabricated a specific celebrity choice, 'David Beckham', and attributed qualities to him that are not mentioned in the persona card.",weak,0.0,False
16,product preferences,how long have you been using your current brand of toothpaste? do you also remember the last time you switched brands and why?,c_human,"since forever, my mum used to buy them and i just continued to buy them, so something like 10 years? i did never have a specific reason to switch toothpase brands.",i've been using my current brand of toothpaste for a few years now the last time i switched brands was because i wanted a product with better ingredients i prefer to stick with what works and avoid unnecessary changes,0.7595686912536621,4,2,3,2,The AI answer addresses the question of how long the person has been using their current brand of toothpaste and the reason for not switching.,"The AI answer introduces a reason for switching brands (better ingredients) that is not mentioned in the human answer, and does not align with the person's low brand involvement and habit-driven decision making.","The AI answer does not fully capture the casual tone and lack of brand awareness of the person, and introduces a preference for better ingredients that is not strongly emphasized in the persona card.","The AI answer is more elaborate and certain than the human answer, which is characterized by a casual tone and medium certainty level.",1,The AI answer introduces a specific reason for switching brands (better ingredients) that is not mentioned in the human answer.,partly_faithful,1.5999999999999996,False
17,product preferences,how long have you been using your current brand of toothpaste? do you also remember the last time you switched brands and why?,s_human,"i do not care much about toothpaste brand, my boyfriend buys those in the drugstore close by. i just want it to feel fresh and have the right texture, i do care about the ingredients tho.",i've been using my current brand of toothpaste for about two years now the last time i switched brands was because i wanted something with more natural ingredients and better effectiveness i always look for transparency in the ingredients and how well the product works for me 😊,0.7491236329078674,4,3,4,3,"The AI answer addresses the question of toothpaste brand usage and switching, but does not specify the exact duration of use.","The AI answer mentions looking for natural ingredients and effectiveness, which aligns with the person's priorities, but introduces a new aspect of 'better effectiveness' not mentioned before.","The AI answer reflects the person's casual tone and emphasis on ingredients, but uses a slightly more polished language.","The AI answer is somewhat more elaborate than the person's typical responses, and includes an emoji which is not characteristic of their style.",1,"The AI answer introduces a specific time frame of 'about two years' which is not mentioned in the human answer, and also mentions looking for 'better effectiveness' which is not a known priority.",partly_faithful,2.45,True
18,product preferences,how long have you been using your current brand of toothpaste? do you also remember the last time you switched brands and why?,g_human,"its rather likely that my toothpaste brand changed when i bought a new toothpaste last week since i don't really pay attention to the toothpaste brands. however, i think that i'm usually rotating between 2-3 toothpaste brands (e.g., colgate, elmex, blend-a-med)","i've been using my current brand of toothpaste for several years now the last time i switched brands was because of a recommendation from a friend, but i quickly went back to my usual one since it works well for me i prefer sticking to what i know is reliable",0.7396791577339172,2,1,1,1,The AI answer does not address the question of how long the person has been using their current brand of toothpaste and instead provides an unrelated timeframe.,The AI answer introduces a new decision driver (friend recommendation) not present in the persona card and contradicts the stated low brand involvement and lack of attention to ingredients.,"The AI answer does not reflect the person's casual tone, low brand involvement, and lack of attention to specific brands or ingredients as described in the persona card.","The AI answer is overly elaborate and confident, which does not match the person's low certainty level and casual tone.",2,"The AI fabricated a specific reason for switching brands (friend recommendation) and a clear preference for a reliable brand, which is not supported by the persona card.",weak,0.0,False
19,product preferences,"if you would create the perfect body wash for you, what ingredients would it have? what other features you would prefer?",c_human,"i prefer something that is effective and not overpriced, and of course i care about sustainable ingredients","If I were to create my perfect body wash, it’d have a super gentle formula with ingredients like aloe vera or chamomile to keep my skin calm and hydrated. I’d want it to smell fresh but not too strong—something light and clean. Also, I’m all about sustainability, so the packaging needs to be eco-friendly! It should moisturize without leaving that greasy feeling, and definitely no harsh chemicals—stuff like sulfates or parabens. Just something simple, effective, and easy to use every day.",0.4186825156211853,5,4,4,3,The AI answer directly addresses the question about creating the perfect body wash with preferred ingredients and features.,"The AI preserves the buying logic of prioritizing effectiveness and sustainability, but introduces additional preferences not mentioned by the human.","The AI answer is consistent with the person's casual tone and emphasis on sustainability, but introduces more specific ingredient preferences than the human mentioned.","The AI answer is more elaborate than the human's response, which was brief and to the point.",1,"The AI introduces specific ingredients like aloe vera and chamomile, and mentions avoiding sulfates or parabens, which were not mentioned by the human.",partly_faithful,2.9,False
20,product preferences,"if you would create the perfect body wash for you, what ingredients would it have? what other features you would prefer?",s_human,"the important things for me are ingredients, i want to have full transparency on the ingredient list. this should be clearly stated in the packaging. it would be nice to have for each ingredient also what are the effects on the body. I want a clear glass bottle, minimalistic. The texture if the body lotion is also very imprtant to me, it should be soft but not heavy. I want it to smell oud like.","If I were to create the perfect body wash, it would include organic coconut oil for hydration, aloe vera for soothing, and essential oils like lavender for a calming scent. I would ensure it’s free from harsh chemicals and packaged in biodegradable materials. A gentle exfoliating element from natural sources and cruelty-free testing would also be essential. Overall, it would nourish the skin while being kind to the planet.",0.48354217410087585,4,3,2,2,"The AI answer discusses creating the perfect body wash and mentions ingredients and packaging, which is relevant to the question.","The AI answer prioritizes ingredients and natural elements, which aligns with the person's decision drivers, but introduces new aspects like biodegradable materials and cruelty-free testing not mentioned before.",The AI answer does not reflect the person's casual tone and introduces a more environmentally conscious perspective not evident in the persona card.,The AI answer is overly elaborate and does not match the person's medium certainty level and casual tone.,2,"The AI fabricated specific ingredients like organic coconut oil, aloe vera, and lavender, as well as features like biodegradable materials and cruelty-free testing, which are not mentioned in the persona card.",weak,0.6000000000000001,False
21,product preferences,"if you would create the perfect body wash for you, what ingredients would it have? what other features you would prefer?",g_human,"since i've never spent effort on investigating ingredients of a body wash, i don't have an answer to what ingredients should be in my perfect body wash. regarding other features, it should smell good and shouldn't impact the dryness of my skin in a negative way (ideally it effects it in a positive way)","i’d love a body wash that blends real peppermint extract for a cool, refreshing feel with shea butter for deep moisture. a mild, herbal fragrance would keep it invigorating yet not overpowering. i’d also prefer a refillable pump bottle for convenience and to reduce waste—so it’s both a pleasant daily ritual and a more eco-friendly choice.",0.4508339762687683,4,2,2,1,"The AI answer addresses the question of creating a perfect body wash, but it introduces specific ingredients and features not mentioned in the human answer.","The AI answer does not preserve the same buying logic, as the human answer emphasizes a lack of knowledge about ingredients and prioritizes convenience and skin dryness.","The AI answer does not feel consistent with the person's casual tone and low brand involvement, as it introduces specific and elaborate preferences.","The AI answer is overly elaborate and certain, which does not match the person's low certainty level and casual tone.",2,"The AI answer fabricates specific ingredients, such as peppermint extract and shea butter, and features, such as a refillable pump bottle, not mentioned in the human answer.",weak,0.04999999999999982,True
22,product preferences,"Which out of the following type of body lotion you would prefer and why? Option 1 – Dove Body Love Nourished
Radiance Body Lotion Option 2 – Dove Body Love Light Hydration Body Lotion Option 3 – Dove Body Love Pro Age
Body Lotion for Mature Skin Option 4 – Dove Body Love Supple Bounce Body Lotion",c_human,i would chose option 2,"I’d probably go for Option 2 – Dove Body Love Light Hydration Body Lotion. It sounds like it’s perfect for daily use, providing just the right amount of hydration without feeling too heavy. I’m not really after something super rich or intense, so a light hydration option is ideal. Plus, it’s something I can use every day without worrying about feeling greasy or sticky—just smooth and soft skin!",0.29526400566101074,5,2,3,2,The AI answer addresses the same question about body lotion preference.,"The AI introduces new buying logic about not wanting something 'super rich or intense', which is not present in the persona's decision drivers.","The AI's casual tone is somewhat consistent with the persona's emotional tone, but the language used is more elaborate than the persona's typical responses.","The AI's answer is more detailed and certain than the persona's typical style, which is more casual and medium in certainty level.",1,"The AI invents specific reasons for choosing the option, such as 'providing just the right amount of hydration' and 'not feeling too heavy', which are not mentioned in the persona's key phrases or decision drivers.",partly_faithful,1.75,False
23,product preferences,"Which out of the following type of body lotion you would prefer and why? Option 1 – Dove Body Love Nourished
Radiance Body Lotion Option 2 – Dove Body Love Light Hydration Body Lotion Option 3 – Dove Body Love Pro Age
Body Lotion for Mature Skin Option 4 – Dove Body Love Supple Bounce Body Lotion",s_human,"my first choice would be option 1 and option 2, from what i understand just from the desciption I would like to have smth that hydratates and nourishes my body","I would prefer Option 2 – Dove Body Love Light Hydration Body Lotion. I tend to go for products that provide hydration without being too heavy or greasy, and the ""light hydration"" aspect fits my preference. Since I’m sensitive to strong scents, I also appreciate that Dove’s body lotions generally have a mild fragrance. I also value sustainability, so Dove’s commitment to responsible sourcing and packaging aligns with my values, making it a good fit for my body care routine.",0.5290305614471436,4,3,2,2,"The AI answer addresses the question about body lotion preference, but it doesn't fully align with the human's first choice of both Option 1 and Option 2.","The AI answer mentions hydration and mild fragrance, which somewhat aligns with the human's preference for hydration and nourishment, but introduces new aspects like sensitivity to strong scents and sustainability.","The AI answer does not reflect the person's low brand involvement, casual tone, and emphasis on ingredients and transparency, instead focusing on Dove's specific features and the AI's own values.","The AI answer is overly elaborate and certain, not matching the person's medium certainty level and casual tone.",2,"The AI fabricated the person's sensitivity to strong scents, appreciation for mild fragrance, and commitment to sustainability, which are not present in the persona card.",weak,0.6000000000000001,False
24,product preferences,"Which out of the following type of body lotion you would prefer and why? Option 1 – Dove Body Love Nourished
Radiance Body Lotion Option 2 – Dove Body Love Light Hydration Body Lotion Option 3 – Dove Body Love Pro Age
Body Lotion for Mature Skin Option 4 – Dove Body Love Supple Bounce Body Lotion",g_human,"i don't really feel addressed by any of the suggested product names. i think that i don't pay that much attention to product names (at least regarding personal care products). i rather pay attention to visual product designs. if I had to pick one, then ""dove body love light hydration body lotion"".","i’d pick the dove body love pro age body lotion for mature skin option because it absorbs quickly and feels weightless on my skin. that lightweight texture makes it easy to layer with my favorite scents, and it provides just the right amount of moisture for everyday comfort.",0.6030272245407104,2,1,1,1,The AI answer does not align with the human's indifference to product names and instead focuses on product features.,"The AI introduces a new decision driver (absorbs quickly, feels weightless) not mentioned in the persona card or human answer.","The AI answer does not reflect the person's low brand involvement, lack of attention to ingredients, and preference for convenience and design.","The AI answer is overly elaborate and confident, contradicting the person's casual tone and low certainty level.",2,"The AI fabricated a preference for a specific product (Dove Body Love Pro Age Body Lotion) and its features (absorbs quickly, feels weightless).",weak,0.0,True
25,brand loyalty,"How likely are you to repurchase your preferred personal care brand, and what factors influence your loyalty to that brand?",c_human,"as i said i would rebuy a brand if the product is working for me, has a good affortable price and smells good","I’d say I’m pretty likely to repurchase if a brand works well for me. I mean, if it keeps my skin feeling good and smells nice, I’m happy. I also really like when a brand cares about sustainability—whether it’s how they package stuff or the ingredients they use. And of course, price matters too. I’m not looking to spend a lot on products that don’t make a difference. As long as it feels nice, doesn’t irritate my skin, and isn’t crazy expensive, I’ll definitely stick with it!",0.5301703214645386,5,4,4,3,The AI answer directly addresses the question about repurchasing a preferred personal care brand and the factors influencing loyalty.,"The AI preserves the buying logic related to effectiveness, price, and smell, but slightly overemphasizes sustainability beyond the original persona's 'somewhat' awareness.",The AI answer generally aligns with the persona's casual tone and medium certainty level but introduces a slightly more detailed consideration of sustainability than the persona's original statements.,"The AI's response is more elaborate than the human's answer, which was concise and to the point, indicating a mismatch in style.",1,"The AI slightly overemphasizes the importance of sustainability and mentions specific aspects like packaging, which is not mentioned in the persona card.",partly_faithful,2.9,False
26,brand loyalty,"How likely are you to repurchase your preferred personal care brand, and what factors influence your loyalty to that brand?",s_human,"if i am happy with the quality of the product, i stick to the brand, but i do not care much of the brand rather then the product itself.","I'm highly likely to repurchase my preferred personal care brands if they consistently deliver effective results, use clean and organic ingredients, have minimalistic and sustainable packaging, and align with my values of sustainability and ethical practices.",0.5496070384979248,4,3,2,2,"The AI answer addresses the question of repurchasing a preferred personal care brand, but introduces additional factors not mentioned in the human answer.","The AI answer preserves the general idea of sticking to a brand based on product quality, but introduces new priorities like sustainability and ethical practices not mentioned by the human.","The AI answer does not reflect the person's low brand involvement and casual tone, instead showing a high level of concern for brand values and practices.",The AI answer is overly elaborate and does not match the casual tone and medium certainty level of the human's answers.,2,The AI fabricated specific values and priorities such as 'sustainability and ethical practices' not mentioned by the human.,weak,0.6000000000000001,False
27,brand loyalty,"How likely are you to repurchase your preferred personal care brand, and what factors influence your loyalty to that brand?",g_human,"i don't have a favorite personal care brand, so I can't answer what factors influence my loyalty. my generic answer would be high quality products with fair pricing.","i don’t really have a single favorite brand, but if i happen to like one and it stays easy to find and reasonably priced, i usually stick with it. convenience, price, and whether i’ve had any issues using it before are the main reasons i keep buying the same product.",0.5958248376846313,4,4,4,3,"The AI answer addresses the question of repurchasing a preferred personal care brand, but does not perfectly align with the human's lack of a favorite brand.","The AI answer reflects the human's priorities of convenience and price, but introduces a new factor of 'whether I've had any issues using it before'.","The AI answer generally aligns with the person's casual tone and low brand involvement, but does not perfectly capture their indifference to brand loyalty.","The AI answer is somewhat more elaborate than the human's response, which was brief and casual.",1,The AI introduced a minor unsupported addition of 'whether I've had any issues using it before' as a factor influencing loyalty.,partly_faithful,2.75,False
28,shopping behavior,"How do you discover new personal care products, and what influences your decision to try them?",c_human,usually my friends or what i see is famous in instagram,"I mostly discover new products through friends or social media. If someone I trust recommends something or I see a positive review, that’s usually what gets my attention. I also pay attention to any cool ads or influencer posts that feel genuine, but it’s mostly about the product having a good reputation or sounding like it fits my needs. What influences me to try something new? It’s got to be something that aligns with what I already like—something simple, effective, and not full of harsh ingredients. I also check the price to make sure it’s reasonable.",0.2533932030200958,5,4,4,3,The AI answer directly addresses how the person discovers new personal care products and what influences their decision to try them.,"The AI answer aligns with the person's decision drivers such as effectiveness and price, but introduces 'harsh ingredients' which is not explicitly mentioned in the persona card as a key decision driver.",The AI answer reflects the person's casual tone and medium certainty level but introduces a slightly more detailed thought process than the human answer.,"The AI answer is more elaborate than the human answer, which was brief and to the point.",1,The AI answer introduces 'cool ads or influencer posts that feel genuine' and 'not full of harsh ingredients' which are minor unsupported additions.,partly_faithful,2.9,False
29,shopping behavior,"How do you discover new personal care products, and what influences your decision to try them?",s_human,"mostly from instagram, people that i follow. there are a few people that have same skin issues as i do or hten could also be from friends","I discover new personal care products mainly through social media, especially dermatologists and skincare experts on Instagram. I also do my own research to check ingredients and reviews. I’m influenced to try products if they’re high-quality, organic, sustainable, and have good performance without strong scents or harsh textures. If the packaging is minimalistic and functional, that's a bonus!",0.4115232229232788,4,3,2,2,"The AI answer addresses discovering new personal care products and influences to try them, matching the question's context.","The AI mentions social media and research, aligning with some decision drivers, but introduces new priorities like 'organic' and 'sustainable' not mentioned by the person.",The AI's detailed and specific language about product preferences does not align with the person's casual tone and low brand involvement.,"The AI's answer is overly elaborate and certain, not matching the person's medium certainty level and casual emotional tone.",2,"The AI fabricated specific preferences for 'organic', 'sustainable', 'minimalistic packaging', and 'dermatologists and skincare experts' not mentioned by the person.",partly_faithful,0.6000000000000001,False
30,shopping behavior,"How do you discover new personal care products, and what influences your decision to try them?",g_human,"when buying a new product in the past, i think i mainly discovered them unintentionally when being in the personal care section of a supermarket. i think i could be influenced by the design of the product and whether i recognize the brand.","i mostly come across new products by chance when i’m shopping or if a friend mentions something they like. if it seems practical, within my usual budget, and doesn’t have a scent or texture i dislike, i might pick it up to see how it works.",0.5287731885910034,4,3,3,2,"The AI answer discusses discovering new personal care products and influences, but introduces an additional influence source (friend mentions) not present in the persona card.","The AI answer mentions practicality and budget, which aligns with the decision driver of 'price', but also introduces scent and texture as decision factors not mentioned in the persona card.","The AI answer does not strongly reflect the persona's casual tone and low brand involvement, and introduces a friend's opinion which is not mentioned in the influence sources.","The AI answer is more elaborate than the human answer and introduces additional factors not mentioned by the person, indicating over-elaboration.",1,"The AI answer introduces a friend's mention as an influence source, which is not present in the persona card.",partly_faithful,1.9,True
